{
  "total_return": -0.009116834043022437,
  "sharpe": -0.001279931140143405,
  "sortino": -0.0007572953177876352,
  "max_drawdown": 1.0019000075366702,
  "calmar": -0.009099544839247598,
  "num_trades": 7,
  "win_rate": 0.14285714285714285,
  "avg_trade_pnl": -13.022456843272307,
  "avg_trade_net_pnl": -13.022456843272307,
  "profit_factor": 0.0009792878135707337,
  "final_equity": 9908.831659569776,
  "initial_equity": 10000.0,
  "total_fees": 55.676159120505496,
  "total_slippage": 13.91903956450656,
  "policy": "sma"
}